Cells,dataset,cluster
ATTGCAGGTACTGATG-1,sorted,NK
CTTGCATGTAGGTTGC-1,sorted,NK
TTACACCGTTAACGGC-1,sorted,NK
GTAGGATCATGTTGCA-1,sorted,Mono
TTGGATTCAATTAAGG-1,sorted,Mono
ATCCACCTCGTCAAGT-1,sorted,B
GCCTTAACAGCATGAG-1,sorted,B
ATGCGATTCATGACCG-1,sorted,CD8 T
AGATGAAGTTGGTTCT-1,sorted,CD8 T
CCACAGGGTTAGCGTA-1,sorted,B
TGGTGCATCGTCATTT-1,sorted,T
CTTGTTCCAAGGTGGC-1,sorted,B
ACCTAAATCAATCATG-1,sorted,NK
GACTTAGGTTTAAAGC-1,sorted,Mono
GCCAATAGTGGTTAGC-1,sorted,NK
GTATTGATCCCGAAGC-1,sorted,NK
GTTTGTCGTTGAGGTC-1,sorted,DC
CAATAAGCAGGTATTT-1,sorted,T
TAAGGCTTCACGCATG-1,sorted,DC
CGCTAACCATAACGGG-1,sorted,CD8 T
AAGCGAGGTTACCGGG-1,sorted,B
CGTTAGGTCCCTCGCA-1,sorted,CD8 T
GGCGTTATCCAGGAAA-1,sorted,DC
AGTCCTGAGCCTGGTA-1,sorted,DC
GCCAGGTTCGAGGAAC-1,sorted,T
AGAGGAACACGAATCC-1,sorted,CD8 T
TCGTTATTCACCGGTA-1,sorted,T
ATTGCGCCAAATGCCC-1,sorted,B
GTGCTTCTCATGTTTC-1,sorted,DC
AGCCAGTGTAATGACT-1,sorted,DC
ACGCCTTTCATTTGCT-1,sorted,T
TCTCACCAGTGAACGA-1,sorted,T
CTTGCATGTCAAGTGC-1,sorted,DC
AAGGATGTCTCATCAT-1,sorted,T
CCAGCCTGTTTAGCGA-1,sorted,DC
CTTGACGAGGTAAGCA-1,sorted,Mono
CTTACTAGTCATGCAA-1,sorted,Mono
GACTTACAGTGGCGGA-1,sorted,DC
CAACAGGCAGCATGGA-1,sorted,B
TTGCAGCCACGGTACT-1,sorted,CD8 T
TCACATAAGTTCCCGT-1,sorted,DC
AGAAACCCATAATGTC-1,sorted,NK
CTGTTGGAGGCTACAT-1,sorted,B
AGTCCTTGTCCTAATC-1,sorted,B
GCTCTGTTCCATAATG-1,sorted,B
AGGGCCTTCACGCATG-1,sorted,T
TCCCGTTAGGGACCTC-1,sorted,NK
TCCTCTAAGCTGTCAG-1,sorted,T
CCTTAACGTGTTGCTT-1,sorted,NK
TCAGCCTTCACGAATC-1,sorted,T
CTCTATGTCGCAACAT-1,sorted,CD8 T
TATGTGATCCTAGTCC-1,sorted,CD8 T
GGAGCAAGTATTGGTG-1,sorted,Mono
ATCAAGCTCCTTCTAG-1,sorted,NK
ATCAAGACACTGACCG-1,sorted,DC
CTATGATCAGTAGGTG-1,sorted,Mono
TTGCAGCCAATTAACC-1,sorted,DC
TGTGTTAAGGAATAAC-1,sorted,Mono
GTAAGGTCAATTAGGA-1,sorted,Mono
CATCATAAGTACTGGT-1,sorted,B
CTCCCTGAGGCGGATG-1,sorted,NK
TGTCCTTCAATAGTCT-1,sorted,Mono
ACAGGAATCCAGGTCA-1,sorted,Mono
AACATCATCGGCTATG-1,sorted,B
TGATTAGTCAGCACGC-1,sorted,T
ATCAAGCTCGGTCATG-1,sorted,DC
GGCTGAGAGACCATAC-1,sorted,NK
CTTTAGGCAAGGCCAA-1,sorted,B
GTGCTGGGTACCTTAC-1,sorted,T
GTTGCATAGCCATCAG-1,sorted,B
GTAATAGCAAATATCC-1,sorted,CD8 T
CATCATGCACTTCATC-1,sorted,CD8 T
GCAGGCTTCTTAAGTG-1,sorted,NK
AATTGGACATCGCTCC-1,sorted,NK
AACAAAGGTAATGGAA-1,sorted,DC
GGTTGCATCTTTGAGA-1,sorted,CD8 T
TCGCGAGGTACAAAGA-1,sorted,Mono
TTTCTCACATTCCTGT-1,sorted,CD8 T
TGTGTTAAGTAAGGGC-1,sorted,T
GTTTATCTCGCTCCAT-1,sorted,CD8 T
TGCTCAACAGCTCATA-1,sorted,Mono
CTTTGGTGTCGTTATC-1,sorted,DC
TGGTGATTCCGTTATT-1,sorted,NK
ACCACACCAAGTAAGC-1,sorted,Mono
CGTAGCGGTAATGGAA-1,sorted,B
CGGTAACGTTCCTCCT-1,sorted,CD8 T
GACCGAACAGCCAGTT-1,sorted,CD8 T
TAGGAGTCATTGTGGC-1,sorted,Mono
TTGCGTCTCCGTAAAC-1,sorted,T
TTGCGAGTCTGGCAAT-1,sorted,T
